"","label","levels","uv_pb","vacc_pb"
"1","event","0","1344017 (99.9)","1344373 (100.0)"
"2","","1","744 (0.1)","388 (0.0)"
"3","event_hosp","0","1344022 (99.9)","1344450 (100.0)"
"4","","1","739 (0.1)","311 (0.0)"
"5","event_death","0","1344740 (100.0)","1344638 (100.0)"
"6","","1","21 (0.0)","123 (0.0)"
"7","Sex","F","737432 (54.8)","745157 (55.4)"
"8","","M","607329 (45.2)","599604 (44.6)"
"9","ageYear","Mean (SD)","46.0 (18.3)","46.0 (18.3)"
"10","age_grp","18-64","1014670 (75.5)","1014670 (75.5)"
"11","","65-79","308096 (22.9)","308096 (22.9)"
"12","","80+","21995 (1.6)","21995 (1.6)"
"13","simd2020_sc_quintile","1 - High","253158 (18.8)","246575 (18.3)"
"14","","2","263713 (19.6)","263439 (19.6)"
"15","","3","273022 (20.3)","265527 (19.7)"
"16","","4","283419 (21.1)","286685 (21.3)"
"17","","5-Low","263591 (19.6)","274677 (20.4)"
"18","","Missing","7858 (0.6)","7858 (0.6)"
"19","ur6_2016_name","1 Large Urban Areas","438274 (32.6)","436012 (32.4)"
"20","","2 Other Urban Areas","506316 (37.7)","523030 (38.9)"
"21","","3 Accessible Small Towns","132187 (9.8)","125670 (9.3)"
"22","","4 Remote Small Towns","64605 (4.8)","63217 (4.7)"
"23","","5 Accessible Rural","121831 (9.1)","117269 (8.7)"
"24","","6 Remote Rural","73690 (5.5)","71705 (5.3)"
"25","","Unknown","7858 (0.6)","7858 (0.6)"
"26","n_risk_gps","0","810879 (60.3)","823973 (61.3)"
"27","","1","352230 (26.2)","352202 (26.2)"
"28","","2","114887 (8.5)","110056 (8.2)"
"29","","3","40650 (3.0)","36977 (2.7)"
"30","","4","16400 (1.2)","13837 (1.0)"
"31","","5+","9715 (0.7)","7716 (0.6)"
"32","n_tests_gp","0","1048057 (77.9)","1045963 (77.8)"
"33","","1","196306 (14.6)","197545 (14.7)"
"34","","2","44851 (3.3)","44844 (3.3)"
"35","","3","13074 (1.0)","12745 (0.9)"
"36","","4-9","18886 (1.4)","18253 (1.4)"
"37","","10+","23587 (1.8)","25411 (1.9)"
"38","EAVE_Smoke","Ex Smoker","169849 (12.6)","171624 (12.8)"
"39","","Non Smoker","543770 (40.4)","556328 (41.4)"
"40","","Smoker","272347 (20.3)","261902 (19.5)"
"41","","Unknown","358795 (26.7)","354907 (26.4)"
"42","bmi_cat","Underweight","13821 (1.0)","12746 (0.9)"
"43","","Normal weight","178299 (13.3)","178203 (13.3)"
"44","","Overweight","920363 (68.4)","922126 (68.6)"
"45","","Obese","232278 (17.3)","231686 (17.2)"
"46","ave_hh_age","Mean (SD)","43.8 (18.6)","43.7 (18.6)"
"47","n_hh_gp","1","392995 (29.2)","383228 (28.5)"
"48","","2","408017 (30.3)","413634 (30.8)"
"49","","3-5","505324 (37.6)","509837 (37.9)"
"50","","6-10","36378 (2.7)","36140 (2.7)"
"51","","11-30","1568 (0.1)","1490 (0.1)"
"52","","31-100","242 (0.0)","259 (0.0)"
"53","","101+","237 (0.0)","173 (0.0)"
"54","Q_DIAG_AF","0","1319199 (98.1)","1319410 (98.1)"
"55","","1","25562 (1.9)","25351 (1.9)"
"56","Q_DIAG_ASTHMA","0","1151932 (85.7)","1160128 (86.3)"
"57","","1","192829 (14.3)","184633 (13.7)"
"58","Q_DIAG_BLOOD_CANCER","0","1339413 (99.6)","1339558 (99.6)"
"59","","1","5348 (0.4)","5203 (0.4)"
"60","Q_DIAG_CCF","0","1332763 (99.1)","1334158 (99.2)"
"61","","1","11998 (0.9)","10603 (0.8)"
"62","Q_DIAG_CEREBRALPALSY","0","1343460 (99.9)","1343734 (99.9)"
"63","","1","1301 (0.1)","1027 (0.1)"
"64","Q_DIAG_CHD","0","1291563 (96.0)","1290379 (96.0)"
"65","","1","53198 (4.0)","54382 (4.0)"
"66","Q_DIAG_CIRRHOSIS","0","1337843 (99.5)","1338420 (99.5)"
"67","","1","6918 (0.5)","6341 (0.5)"
"68","Q_DIAG_CONGEN_HD","0","1336008 (99.3)","1334865 (99.3)"
"69","","1","8753 (0.7)","9896 (0.7)"
"70","Q_DIAG_COPD","0","1306545 (97.2)","1312797 (97.6)"
"71","","1","38216 (2.8)","31964 (2.4)"
"72","Q_DIAG_DEMENTIA","0","1339201 (99.6)","1338004 (99.5)"
"73","","1","5560 (0.4)","6757 (0.5)"
"74","Q_DIAG_DIABETES_1","0","1340489 (99.7)","1339392 (99.6)"
"75","","1","4272 (0.3)","5369 (0.4)"
"76","Q_DIAG_DIABETES_2","0","1274342 (94.8)","1271645 (94.6)"
"77","","1","70419 (5.2)","73116 (5.4)"
"78","Q_DIAG_EPILEPSY","0","1329271 (98.8)","1332574 (99.1)"
"79","","1","15490 (1.2)","12187 (0.9)"
"80","Q_DIAG_FRACTURE","0","1285715 (95.6)","1290073 (95.9)"
"81","","1","59046 (4.4)","54688 (4.1)"
"82","Q_DIAG_NEURO","0","1340080 (99.7)","1340603 (99.7)"
"83","","1","4681 (0.3)","4158 (0.3)"
"84","Q_DIAG_PARKINSONS","0","1342206 (99.8)","1342487 (99.8)"
"85","","1","2555 (0.2)","2274 (0.2)"
"86","Q_DIAG_PULM_HYPER","0","1342639 (99.8)","1343248 (99.9)"
"87","","1","2122 (0.2)","1513 (0.1)"
"88","Q_DIAG_PULM_RARE","0","1338759 (99.6)","1339389 (99.6)"
"89","","1","6002 (0.4)","5372 (0.4)"
"90","Q_DIAG_PVD","0","1332222 (99.1)","1333502 (99.2)"
"91","","1","12539 (0.9)","11259 (0.8)"
"92","Q_DIAG_RA_SLE","0","1331871 (99.0)","1332582 (99.1)"
"93","","1","12890 (1.0)","12179 (0.9)"
"94","Q_DIAG_RESP_CANCER","0","1341810 (99.8)","1342411 (99.8)"
"95","","1","2951 (0.2)","2350 (0.2)"
"96","Q_DIAG_SEV_MENT_ILL","0","1176612 (87.5)","1190722 (88.5)"
"97","","1","168149 (12.5)","154039 (11.5)"
"98","Q_DIAG_SICKLE_CELL","0","1344032 (99.9)","1343995 (99.9)"
"99","","1","729 (0.1)","766 (0.1)"
"100","Q_DIAG_STROKE","0","1313487 (97.7)","1315202 (97.8)"
"101","","1","31274 (2.3)","29559 (2.2)"
"102","Q_DIAG_VTE","0","1324988 (98.5)","1328034 (98.8)"
"103","","1","19773 (1.5)","16727 (1.2)"
"104","Q_HOME_CAT","0","1342460 (99.8)","1340059 (99.7)"
"105","","1","1413 (0.1)","4085 (0.3)"
"106","","2","888 (0.1)","617 (0.0)"
"107","Q_LEARN_CAT","0","1324405 (98.5)","1328186 (98.8)"
"108","","1","20105 (1.5)","16245 (1.2)"
"109","","2","251 (0.0)","330 (0.0)"
"110","Q_DIAG_CKD_LEVEL","0","1306639 (97.2)","1306907 (97.2)"
"111","","3","35725 (2.7)","35555 (2.6)"
"112","","4","1342 (0.1)","1143 (0.1)"
"113","","5","1055 (0.1)","1156 (0.1)"
